STOP_ID, LONGITUDE, LATITUDE, STOP_NAME, OBJECTID
"16963",143.345928,-35.104429,"Algie Rd/Murray Valley Hwy (Wood Wood)",351
"41477",142.315051,-35.070919,"Ouyen Community Park/Oke St (Ouyen)",96
"17841",142.319038,-35.069596,"Caltex Station/Calder Hwy (Ouyen)",480
"17840",142.318754,-35.069387,"Caltex Station/Calder Hwy (Ouyen)",479
"17126",142.882331,-35.05507,"Robinvale - Sea Lake Rd/Mallee Hwy (Manangatang)",359
"17127",142.881968,-35.05467,"Robinvale - Sea Lake Rd/Mallee Hwy (Manangatang)",360
"17124",143.310582,-35.054221,"General Store/Murray St (Piangil)",357
"17125",143.310697,-35.053846,"General Store/Murray St (Piangil)",358
"16968",142.833286,-34.85399,"Annuello turn off/Robinvale - Sea Lake Rd (Annuello)",355
"17971",142.27931,-34.761528,"BP Store/Calder Hwy (Hattah)",486
"16965",143.150459,-34.716056,"Post Office/Murray Valley Hwy (Boundary Bend)",353
"16967",142.793776,-34.701101,"Fitzgerald Rd/Robinvale - Sea Lake Rd (Bannerton)",354
"16969",142.770342,-34.58479,"Robinvale Railway Station/Bromley Rd (Robinvale)",356
"17973",142.187573,-34.307233,"Post Office/Indi Ave (Red Cliffs)",487
"17974",142.171897,-34.236281,"Hassell St/Calder Hwy (Irymple)",488
"17975",142.170815,-34.235671,"Hassell St/Calder Hwy (Irymple)",489
"17976",142.163234,-34.182106,"Mildura Railway Station (Mildura)",490
"46415",142.859115,-36.147563,"Hotel/Sunraysia Hwy (Watchem)",667
"17988",142.859091,-36.14759,"Hotel/Sunraysia Hwy (Watchem)",502
"41396",143.377125,-35.185484,"Two Bays Roadhouse/Murray Valley Hwy (Nyah)",94
"16961",143.377303,-35.176046,"McAlpine Rd/Murray Valley Hwy (Nyah)",349
"16962",143.37748,-35.175511,"McAlpine Rd/Murray Valley Hwy (Nyah)",350
"17987",142.917912,-35.981265,"Memorial Park/Cumming Ave (Birchip)",501
"16964",143.345635,-35.10461,"Algie Rd/Murray Valley Hwy (Wood Wood)",352
"17812",142.587377,-36.460291,"Main St/Church St (Minyip)",455
"17813",142.587492,-36.460025,"Main St/Church St (Minyip)",456
"17809",142.470229,-36.620116,"McDonald St/Marma St (Murtoa)",279
"48039",142.469981,-36.620332,"McDonald St/Marma St (Murtoa)",693
"16263",142.999086,-35.638184,"Caltex Service Station/Calder Hwy (Berriwillock)",292
"16262",142.998973,-35.638243,"Caltex Service Station/Calder Hwy (Berriwillock)",291
"17815",142.531329,-36.387576,"Sheep Hills Rd/Stawell-Warracknabeal Rd (Sheep Hills)",458
"17814",142.53121,-36.387716,"Sheep Hills Rd/Stawell-Warracknabeal Rd (Sheep Hills)",457
"17827",142.200519,-36.714191,"Coach Terminal/24 Roberts Ave (Horsham)",469
"16264",142.849806,-35.50427,"Newsagency/Best St (Sea Lake)",293
"17816",142.395333,-36.250911,"Scott St/Woolcock St (Warracknabeal)",459
"17985",142.664425,-35.68247,"Woomelang Station/Sunraysia Hwy (Woomelang)",499
"17986",142.664299,-35.682556,"Woomelang Station/Sunraysia Hwy (Woomelang)",500
"17818",142.421277,-36.076499,"Swann St/Henty Hwy (Brim)",461
"17817",142.421041,-36.076742,"Swann St/Henty Hwy (Brim)",460
"17828",142.118269,-36.584915,"Fisher St/Western Hwy (Pimpinio)",470
"17829",142.118302,-36.584556,"Fisher St/Western Hwy (Pimpinio)",471
"17820",142.407868,-35.995022,"Galaquil West Rd/Henty Hwy (Beulah)",463
"17819",142.407695,-35.99533,"Galaquil West Rd/Henty Hwy (Beulah)",462
"17821",142.420908,-35.939399,"Hogans Newsagent/Phillips St (Beulah)",464
"17984",142.579292,-35.607846,"Boree St/Sunraysia Hwy (Lascelles)",498
"17983",142.579257,-35.607881,"Boree St/Sunraysia Hwy (Lascelles)",497
"17824",142.422746,-35.834987,"Rosebery Station/Henty Hwy (Rosebery)",466
"17823",142.422543,-35.83506,"Rosebery Station/Henty Hwy (Rosebery)",465
"17831",142.026416,-36.454108,"Car Park Rear Toilet Block/Lloyd St (Dimboola)",472
"17826",142.364671,-35.72697,"Austin St/Henty Hwy (Hopetoun)",468
"17825",142.364362,-35.726589,"Austin St/Henty Hwy (Hopetoun)",467
"17981",142.471117,-35.457044,"CFA/Sunraysia Hwy (Turriff)",495
"17982",142.470923,-35.456965,"CFA/Sunraysia Hwy (Turriff)",496
"17979",142.438837,-35.401944,"Service Station/Sunraysia Hwy (Speed)",493
"17980",142.438659,-35.401785,"Service Station/Sunraysia Hwy (Speed)",494
"17977",142.424803,-35.345315,"General Store/Sunraysia Hwy (Tempy)",491
"17978",142.424623,-35.344984,"General Store/Sunraysia Hwy (Tempy)",492
"17832",141.794298,-36.363011,"Hotel/Western Hwy (Kiata)",473
"17833",141.794299,-36.362822,"Western Hwy (Kiata)",474
"17834",141.649026,-36.334345,"Information Centre/Western Hwy (Nhill)",475
"17835",141.649122,-36.333917,"Information Centre/Western Hwy (Nhill)",476
"20850",142.025111,-35.135292,"General Store/Mallee Hwy (Walpeup)",600
"17836",141.240712,-36.379051,"Kaniva Community Roadhouse/Western Hwy (Kaniva)",477
"17837",141.24084,-36.378832,"Kaniva Community Roadhouse/Western Hwy (Kaniva)",478
"48536",141.131989,-36.362625,"Station Rd/Commercial Rd (Lillimur)",698
"20849",141.808976,-35.169795,"General Store/Mallee Hwy (Underbool)",599
"2310",142.321998,-38.10664,"Austin St/Penhurst-Warrnambool Rd (Hawkesdale)",790
"17802",142.854593,-37.152021,"Cubitt St/Western Hwy (Great Western)",273
"17801",142.853451,-37.151495,"Cuibitt St/Western Hwy (Great Western)",272
"22959",142.765547,-37.300806,"Moyston - Dunkeld Rd/Ararat - Pomonal Rd (Moyston)",787
"17757",142.547041,-37.636904,"Cameron St/Glenelg Hwy (Glenthompson)",242
"17756",142.546775,-37.636606,"Cameron St/Glenelg Hwy (Glenthompson)",241
"17740",142.067254,-38.316344,"Annesley St (Yambuk)",229
"44823",142.066864,-38.31586,"Annesley St (Yambuk)",642
"36185",142.779724,-37.056732,"Stawell Town Hall/Main St (Stawell)",35
"17803",142.773548,-37.059259,"Stawell Station (Stawell)",274
"2604",142.290624,-37.874843,"Post Office/Hamilton Hwy (Penshurst)",797
"2609",142.289932,-37.874824,"Post Office/Hamilton Hwy (Penshurst)",798
"17804",142.763448,-37.063636,"Former Pleasant Creek Courthouse/Western Hwy (Stawell)",275
"17754",142.342562,-37.649464,"Information Centre/Glenelg Hwy (Dunkeld)",239
"17755",142.34255,-37.649481,"Information Centre/Glenelg Hwy (Dunkeld)",240
"22958",142.609039,-37.191683,"Lake Fyans Tourist Rd/Ararat - Pomonal Rd (Pomonal)",786
"51747",142.540412,-37.177298,"Lake Bellfield/Tymna Dr (Bellfield (3381))",716
"51746",142.54167,-37.172959,"Lakeside Caravan Park/Tymna Dr (Halls Gap)",715
"51744",142.528874,-37.156723,"Brambuk the National Park and Cultural Centre/Grampians Rd (Halls Gap)",713
"51745",142.528717,-37.156717,"Brambuk the National Park and Cultural Centre/Grampians Rd (Halls Gap)",714
"51741",142.538944,-37.128633,"Grampians Gardens Caravan Park/Grampians Rd (Halls Gap)",711
"51742",142.538593,-37.128674,"Grampians Gardens Caravan Park/Grampians Rd (Halls Gap)",712
"22955",141.999736,-38.033015,"Eversley St/Hamilton - Port Fairy Rd (Macarthur)",783
"17807",142.663953,-36.906667,"Wills St/Edwards St (Glenorchy)",277
"17808",142.663285,-36.906787,"Wills St/Edwards St (Glenorchy)",278
"30992",142.519195,-37.140388,"Information Centre/Grampians Rd (Halls Gap)",21
"17806",142.518978,-37.140623,"Information Centre/Grampians Rd (Halls Gap)",276
"46103",142.52171,-37.134368,"Recreation Reserve/Grampians Rd (Halls Gap)",664
"46102",142.521577,-37.134345,"Recreation Reserve/Grampians Rd (Halls Gap)",663
"2574",142.094411,-37.766074,"Tarrington Lutheran School/Hamilton Hwy (Tarrington)",796
"45966",142.094424,-37.765876,"Tarrington Lutheran School/Hamilton Hwy (Tarrington)",659
"22956",141.952368,-37.946858,"Pearses Rd/Hamilton - Port Fairy Rd (Byaduk)",784
"45965",141.779351,-38.218991,"Princes Hwy (Tyrendarra)",658
"17742",141.779336,-38.218882,"Princes Hwy (Tyrendarra)",230
"22957",141.954437,-37.894271,"White St/Hamilton - Port Fairy Rd (Byaduk North)",785
"17753",142.02827,-37.7466,"Hamilton Station/Station St (Hamilton)",238
"22623",142.513846,-36.917835,"Dadswells Bridge Motel/Western Hwy (Dadswells Bridge)",776
"22622",142.513813,-36.917816,"Dadswells Bridge Motel/Western Hwy (Dadswells Bridge)",775
"45871",141.704561,-38.254347,"Narrawong Store/Princes Hwy (Narrawong)",653
"17744",141.70429,-38.254145,"Narrawong Store/Princes Hwy (Narrawong)",231
"17745",141.602744,-38.346037,"Henty Street Bus Interchange/Henty St (Portland)",232
"36334",141.629781,-38.133743,"Lindsay St/Princes Hwy (Heywood)",38
"17746",141.629793,-38.132952,"Lindsay St/Princes Hwy (Heywood)",233
"17752",141.693559,-37.598364,"Whyte St/Henty St (Coleraine)",237
"17748",141.276887,-37.922235,"General Store/Greenham St (Dartmoor)",234
"17751",141.402846,-37.585904,"Wathen St/Henty St (Casterton)",236
"17750",141.402535,-37.585817,"Wathen St/Henty St (Casterton)",235
"52109",141.393461,-37.589895,"Casterton Memorial Hospital/Russell St (Casterton)",721
"52108",141.393361,-37.589881,"Casterton Memorial Hospital/Russell St (Casterton)",720
"16941",143.974264,-36.410409,"Hunter St/Loddon Valley Hwy (Serpentine)",334
"17993",143.730788,-36.858352,"Bull St/Broadway (Dunolly)",507
"17994",143.730574,-36.858391,"Bull St/Broadway (Dunolly)",508
"16250",143.868201,-36.575308,"Houston St/Calder Hwy (Inglewood)",172
"16249",143.867806,-36.574856,"Houston St/Calder Hwy (Inglewood)",171
"46412",143.974733,-36.331893,"Loddon Valley Hwy (Bears Lagoon)",666
"43843",143.974566,-36.33188,"Loddon Valley Hwy (Bears Lagoon)",632
"20885",144.115002,-36.054203,"Kelly Park/26 Kelly St (Pyramid Hill)",612
"16953",144.219775,-35.809074,"Post Office/King Edward St (Cohuna)",343
"16950",143.920787,-36.125725,"Boort - Pyramid Rd/Loddon Valley Hwy (Durham Ox)",342
"17129",143.551052,-36.788169,"Corner Store/Main St (Bealiba)",362
"17128",143.550893,-36.78821,"Corner Store/Main St (Bealiba)",361
"15113",144.131196,-35.643573,"Thompson St/Main St (Koondrook)",133
"42313",143.750835,-36.291832,"Boort-Wederburn Rd (Borung)",104
"42318",143.750795,-36.291713,"Boort-Wederburn Rd (Borung)",107
"42314",143.706377,-36.355538,"Korong Vale Senior Citizens/Allen St (Korong Vale)",105
"42317",143.706132,-36.355549,"Korong Vale Senior Citizens/Allen St (Korong Vale)",106
"16937",143.755346,-36.229948,"CFA/Boort-Wedderburn Rd (Mysia)",333
"16252",143.61364,-36.418108,"Jacka Park/Chapel St (Wedderburn)",282
"16251",143.612965,-36.418504,"Jacka Park/Chapel St (Wedderburn)",173
"46075",143.441098,-36.731183,"Dunolly Rd (Emu)",661
"20898",143.441081,-36.731056,"Dunolly Rd (Emu)",617
"16936",143.727112,-36.116611,"Information Centre/Godfrey St (Boort)",332
"16955",143.924336,-35.733137,"Kerang Railway Station (Kerang)",344
"16935",143.669344,-36.009172,"Barraport East Rd/Boort - Quambatook Rd (Barraport)",331
"16934",143.669195,-36.009015,"Barraport East Rd/Boort - Quambatook Rd (Barraport)",330
"20833",143.265284,-36.621937,"Mobil Roadhouse/Sunraysia Hwy (St Arnaud)",597
"20891",143.61882,-35.969586,"Township/Boort - Quambatook Rd (Gredgwin)",615
"17991",143.25862,-36.615295,"Dundas St/Market St (St Arnaud)",505
"16956",143.801774,-35.608017,"Service Station/Murray Valley Hwy (Lake Charm)",345
"17992",143.258563,-36.615329,"Dundas St/Market St (St Arnaud)",506
"16253",143.350877,-36.268352,"Travellers Rest/John Curtin Dr (Charlton)",283
"16255",143.340195,-36.195441,"Teddywaddy Rd/Calder Hwy (Teddywaddy)",285
"16254",143.34008,-36.195518,"Teddywaddy Rd/Calder Hwy (Teddywaddy)",284
"16559",143.520841,-35.850812,"Monica St/Guthrie St (Quambatook)",327
"16257",143.287059,-36.139013,"Glenloth Rd/Calder Hwy (Glenloth)",286
"16958",143.63641,-35.464046,"Murray Valley Hwy (Lake Boga)",347
"16957",143.63653,-35.463816,"Murray Valley Hwy (Lake Boga)",346
"16258",143.225765,-36.076936,"Post Office/Calder Hwy (Wycheproof)",287
"20828",142.873143,-36.668624,"Grain Silo/Wimmera Hwy (Marnoo)",596
"16959",143.562225,-35.34157,"Swan Hill Railway Station (Swan Hill)",348
"16266",143.375329,-35.670773,"McGregor's Garage/Donald - Swan Hill Rd (Lalbert)",294
"17989",142.982667,-36.370667,"Post Office/Sunraysia Hwy (Donald)",503
"17990",142.9824,-36.370667,"Post Office/Sunraysia Hwy (Donald)",504
"16259",143.177119,-35.853122,"Nullawil - Birchip Rd/Calder Hwy (Nullawil)",288
"16260",143.177192,-35.852971,"Nullawil - Birchip Rd/Calder Hwy (Nullawil)",289
"17810",142.631409,-36.631407,"Walter St/Cromie St (Rupanyup)",280
"17811",142.630858,-36.631278,"Walter St/Cromie St (Rupanyup)",281
"16261",143.108102,-35.717984,"Garage/Main St (Culgoa)",290
"17723",143.155766,-38.691265,"Old Ocean Rd/Great Ocean Rd (Princetown)",220
"17722",143.155486,-38.69113,"Old Ocean Rd/Great Ocean Rd (Princetown)",219
"20907",143.104989,-38.663353,"Twelve Apostles/Great Ocean Rd (Princetown)",624
"17772",143.65507,-37.668179,"Drummond St/Glenelg Hwy (Scarsdale)",255
"17771",143.655704,-37.666683,"Drummond St/Glenelg Hwy (Scarsdale)",254
"20908",143.071374,-38.643204,"Loch Ard Gorge/Great Ocean Rd (Port Campbell)",625
"17770",143.561953,-37.688013,"General Store/Glenelg Hwy (Linton)",253
"17769",143.561688,-37.687861,"General Store/Glenelg Hwy (Linton)",252
"17726",142.993777,-38.619204,"Surf Club/Tregea St (Port Campbell)",221
"612",143.343734,-37.953852,"Newsagency/Hamilton Hwy (Lismore)",727
"17727",142.934599,-38.621735,"London Bridge/Great Ocean Rd (Port Campbell)",222
"2624",143.150583,-38.228727,"Camperdown Railway Station (Camperdown)",1
"17729",142.877197,-38.607068,"General Store/Macs St (Peterborough)",223
"756",143.223572,-37.947853,"General Store/Hamilton Hwy (Derrinallum)",734
"17768",143.361433,-37.685241,"BP Roadhouse/Glenelg Hwy (Skipton)",251
"17731",142.827428,-38.584865,"Bay  of Islands (Nirranda)",224
"17797",143.382386,-37.427772,"Beaufort Railway Station (Beaufort)",269
"1946",142.911415,-38.236426,"Terang Railway Station (Terang)",540
"48863",143.046861,-37.996662,"Hall St/Ware St (Darlington)",705
"48862",143.046369,-37.9967,"Hall St/Ware St (Darlington)",704
"2622",142.927593,-38.192305,"Post Office/Terang-Mortlake Rd (Noorat)",801
"17766",143.06267,-37.679442,"Milk Bar/Glenelg Hwy (Streatham)",249
"17767",143.062422,-37.67964,"Milk Bar/Glenelg Hwy (Streatham)",250
"1937",142.804804,-38.080954,"Webster St/Dunlop St (Mortlake)",539
"1613",142.804774,-38.080692,"Webster St/Dunlop St (Mortlake)",159
"17798",143.172135,-37.366207,"Hotel/Western Hwy (Buangor)",270
"17765",142.967263,-37.689274,"General Store/Glenelg Hwy (Westmere)",248
"17764",142.967088,-37.689151,"General Store/Glenelg Hwy (Westmere)",247
"21705",142.540163,-38.386414,"Sherwood Park Bus Stop/Aitken Dr (Warrnambool)",755
"36381",142.483189,-38.383526,"Koroit St Interchange/Koroit St (Warrnambool)",39
"36495",142.475688,-38.38511,"Warrnambool Station/Merri St (Warrnambool)",40
"17733",142.475529,-38.385094,"Warrnambool Railway Station (Warrnambool)",225
"45964",142.688987,-37.995443,"Hexham-Chatsworth Rd/Hamilton Hwy (Hexham)",657
"2621",142.68639,-37.99587,"Hexham-Chatsworth Rd/Hamilton Hwy (Hexham)",800
"17763",142.840481,-37.712398,"Information Centre/Glenelg Hwy (Lake Bolac)",246
"17762",142.84062,-37.712133,"Information Centre/Glenelg Hwy (Lake Bolac)",245
"2221",142.432038,-38.184431,"General Store/Warrnambool-Caramut Rd (Woolsthorpe)",762
"17761",142.723113,-37.690889,"CFA Station/Glenelg Hwy (Wickliffe)",244
"17760",142.722937,-37.690396,"CFA Station/Glenelg Hwy (Wickliffe)",243
"17737",142.362509,-38.291658,"Spring St/Commercial Rd (Koroit)",226
"45962",142.362631,-38.291356,"Village Green/North Rd (Koroit)",655
"45961",142.362537,-38.291218,"Village Green/North Rd (Koroit)",654
"17738",142.362035,-38.291387,"Spring St/Commercial Rd (Koroit)",227
"17799",142.936912,-37.282439,"Ararat Railway Station (Ararat)",271
"36907",142.931989,-37.283639,"Ararat Town Hall/Barkly St (Ararat)",49
"2620",142.518835,-37.958197,"Post Office/Hamilton Hwy (Caramut)",799
"17739",142.239048,-38.383516,"Port Fairy Visitor Centre/Bank St (Port Fairy)",228
"36550",142.238888,-38.383519,"Port Fairy Visitor Centre/Bank St (Port Fairy)",41
"2366",142.322675,-38.106757,"Austin St/Penhurst-Warrnambool Rd (Hawkesdale)",793
"20913",144.193048,-37.37199,"Opposite Station/Daylesford-Trentham Rd (Musk)",743
"20880",143.921422,-37.371821,"Creswick-Newstead Rd (Allendale)",608
"42022",143.921564,-37.371383,"Creswick-Newstead Rd (Allendale)",101
"17150",144.041885,-37.367275,"Hotel/Midland Hwy (Blampied)",381
"17149",144.042237,-37.367221,"Hotel/Midland Hwy (Blampied)",380
"17148",144.141038,-37.34271,"CFA/Bridport St (Daylesford)",379
"42020",143.948826,-37.332183,"Cumberland Hotel/Creswick-Newstead Rd (Smeaton)",100
"20881",143.948878,-37.331734,"Cumberland Hotel/Creswick-Newstead Rd (Smeaton)",609
"46328",143.781577,-37.303141,"Clunes Station/Ballarat Maryborough Rd (Clunes)",665
"18005",143.787142,-37.294291,"Butcher Shop/Service St (Clunes)",517
"18004",143.787127,-37.294119,"Butcher Shop/Service St (Clunes)",516
"20882",143.946439,-37.203468,"Opposite Old Garage/Creswick-Newstead Rd (Campbelltown)",610
"20326",144.375323,-37.18974,"Malmsbury Railway Station (Malmsbury)",571
"47102",143.70559,-37.17224,"Talbot Station/Railway St (Talbot)",685
"17137",143.702377,-37.170277,"Talbot Town Hall/Ballarat St (Talbot)",368
"17136",143.702095,-37.170269,"Talbot Town Hall/Ballarat St (Talbot)",367
"17146",144.166443,-37.148989,"Guildford General Store/Midland Hwy (Guildford)",377
"17147",144.166213,-37.14883,"Guildford General Store/Midland Hwy (Guildford)",378
"40181",144.07668,-37.133462,"Daylesford - Newstead Rd/Newstead - Guildford Rd (Strangways)",83
"40745",144.055039,-37.112525,"Railway Hotel/Creswick - Newstead Rd (Newstead)",90
"46417",144.055009,-37.112434,"Railway Hotel/Creswick - Newstead Rd (Newstead)",669
"17143",144.061697,-37.106797,"Panmure St/Pyrenees Hwy (Newstead)",374
"17142",144.061487,-37.106683,"Panmure St/Pyrenees Hwy (Newstead)",373
"18000",143.473875,-37.089019,"Avoca Post Office/Sunraysia Hwy (Avoca)",514
"18001",143.474402,-37.088818,"Avoca Post Office/Sunraysia Hwy (Avoca)",515
"17140",143.931131,-37.079581,"Locks Lane/Pyrenees Hwy (Moolort)",371
"17141",143.931069,-37.079444,"Locks Lane/Pyrenees Hwy (Moolort)",372
"48745",144.208208,-37.072402,"Elizabeth St/Johnstone St (Castlemaine)",700
"35586",144.207935,-37.072188,"Elizabeth St/Johnstone St (Castlemaine)",32
"46416",144.045614,-37.068704,"Gully Rd/Maldon-Newstead Rd (Welshmans Reef)",668
"40744",144.045425,-37.068663,"Gully Rd/Maldon-Newstead Rd (Welshmans Reef)",89
"16231",144.214159,-37.062846,"Castlemaine Railway Station (Castlemaine)",160
"20301",144.213799,-37.062837,"Castlemaine Railway Station (Castlemaine)",556
"17998",143.729544,-37.054014,"Napier St/Derby St (Maryborough)",512
"17999",143.729772,-37.053921,"Napier St/Derby St (Maryborough)",513
"20894",143.736812,-37.05335,"Highview College/Kars St (Maryborough)",616
"44959",143.742402,-37.050908,"Maryborough Railway Station (Maryborough)",644
"17138",143.813088,-37.049055,"Carisbrook General Store/Green St (Carisbrook)",369
"17139",143.813092,-37.048974,"Carisbrook General Store/Green St (Carisbrook)",370
"46076",143.75227,-37.048602,"Sutton Rd (Maryborough)",662
"42320",143.751748,-37.048435,"Sutton Rd (Maryborough)",108
"17997",143.736115,-37.04705,"Havelock St/Clarendon St (Maryborough)",511
"17995",143.741295,-37.038435,"Holyrood St/Park Rd (Maryborough)",509
"17996",143.741326,-37.038237,"Holyrood St/Park Rd (Maryborough)",510
"17144",144.26063,-36.996928,"Market St/Calder Hwy (Harcourt)",375
"17145",144.260982,-36.996828,"Market St/Calder Hwy (Harcourt)",376
"20884",144.068003,-36.995972,"Maldon Post Office/High St (Maldon)",611
"48748",144.068175,-36.995887,"Francis St/High St (Maldon)",701
"40742",144.14666,-36.877607,"Pinjarra Dr/Bendigo - Maldon Rd (Lockwood South)",88
"15099",144.682877,-36.720816,"Axedale Rd/Northern Hwy (Toolleen)",127
"15098",144.682763,-36.720886,"Axedale Rd/Northern Hwy (Toolleen)",126
"20904",144.797096,-36.457829,"BP Service Station/1929 Midland Hwy (Corop)",622
"15130",144.957807,-36.017252,"Barmah Hotel/Maloney St (Barmah)",148
"15101",144.653058,-36.599109,"Bendigo-Murchison Rd/Northern Hwy (Myola)",129
"15100",144.652968,-36.599098,"Bendigo-Murchison Rd/Northern Hwy (Myola)",128
"15105",144.698717,-36.362271,"Rochester Railway Station (Rochester)",132
"15103",144.608116,-36.495352,"Elmore Railway Station (Elmore)",131
"15102",144.607894,-36.495311,"Elmore Railway Station (Elmore)",130
"20890",144.506845,-36.614668,"Goornong Newsagency/Midland Hwy (Goornong)",614
"47913",144.505348,-36.614961,"Goornong Newsagency/Midland Hwy (Goornong)",689
"20877",144.753611,-36.131111,"Echuca Railway Station (Echuca)",606
"21264",144.730484,-36.145917,"Sun River Home Park/Northern Hwy (Echuca)",749
"21263",144.73024,-36.14475,"Caltex Roadhouse Rose St/Northern Hwy (Echuca)",748
"35883",144.299346,-36.777622,"La Trobe University/Sharon St (Flora Hill)",34
"20906",144.288765,-36.782861,"La Trobe University/Retreat Rd (Flora Hill)",623
"20296",144.283009,-36.76567,"Bendigo Railway Station (Bendigo)",552
"16238",144.282104,-36.765928,"Bendigo Station/Railway Pl (Bendigo)",163
"15119",144.535821,-36.271676,"Singer Rd/Lockington Rd (Lockington)",139
"15118",144.535786,-36.271739,"Singer Rd/Lockington Rd (Lockington)",138
"20317",144.24899,-36.794834,"Kangaroo Flat Railway Station (Kangaroo Flat)",564
"16234",144.244511,-36.795072,"Kangaroo Flat Station/High St (Kangaroo Flat)",161
"16235",144.244219,-36.795084,"Kangaroo Flat Station/High St (Kangaroo Flat)",162
"16240",144.254587,-36.719318,"Victoria St/High St (Eaglehawk)",164
"47916",144.149442,-36.869446,"Pinjarra Dr/Bendigo - Maldon Rd (Lockwood South)",691
"16243",144.210998,-36.742464,"Maiden Gully Rd/Calder Hwy (Maiden Gully)",165
"16244",144.209039,-36.74277,"Maiden Gully Rd/Calder Hwy (Maiden Gully)",166
"40741",144.155714,-36.83884,"Roadside Store/Calder Alternative Hwy (Lockwood South)",87
"47914",144.155532,-36.838926,"Roadside Store/Calder Alternative Hwy (Lockwood South)",690
"15117",144.516566,-36.028933,"General Store/Murray Valley Hwy (Torrumbarry)",137
"16246",144.132442,-36.735432,"Marong General Store/Calder Hwy (Marong)",168
"16245",144.132058,-36.735504,"Marong General Store/Calder Hwy (Marong)",167
"41135",144.199469,-36.594589,"Pierce Rd/Bendigo - Pyramid Rd (Sebastian)",91
"16944",144.206535,-36.535915,"Inglewood St/Bendigo - Pyramid Rd (Raywood)",337
"16943",144.206324,-36.535892,"Inglewood St/Bendigo - Pyramid Rd (Raywood)",336
"16946",144.231965,-36.368982,"Dingee Railway Station (Dingee)",338
"16947",144.231985,-36.36873,"Dingee Railway Station (Dingee)",339
"15115",144.368797,-35.956289,"Newsagent/Murray Valley Hwy (Gunbower)",135
"15116",144.368796,-35.955983,"Newsagent/Murray Valley Hwy (Gunbower)",136
"16948",144.231863,-36.21157,"Glossop St/Bendigo - Pyramid Rd (Mitiamo)",340
"16949",144.23194,-36.211284,"Glossop St/Bendigo - Pyramid Rd (Mitiamo)",341
"42328",143.899522,-36.740139,"Newbridge General Store/Wimmera Hwy (Newbridge)",629
"42321",143.899548,-36.74005,"Newbridge General Store/Wimmera Hwy (Newbridge)",628
"16247",143.941345,-36.601675,"Park St/Calder Hwy (Bridgewater)",169
"16248",143.941264,-36.601447,"Park St/Calder Hwy (Bridgewater)",170
"15114",144.301115,-35.903637,"King Albert Ave/Leitchville Rd (Leitchville)",134
"17130",143.833297,-36.772247,"Poverty St/Commercial Rd (Tarnagulla)",363
"17133",143.833224,-36.77157,"Poverty St/Commercial Rd (Tarnagulla)",364
"16942",143.974583,-36.410228,"Hunter St/Loddon Valley Hwy (Serpentine)",335
"4833",144.07667,-37.846066,"Lawler St/Midland Hwy (Meredith)",697
"6551",144.028846,-37.777238,"General Store/Midland Hwy (Elaine)",729
"6552",143.973299,-37.694335,"Clarendon-Lal Lal Rd/Midland Hwy (Clarendon)",730
"6577",143.973448,-37.694312,"Clarendon-Lal Lal Rd/Midland Hwy (Clarendon)",731
"8441",144.012254,-37.675561,"Eaglesons Rd/Clarendon-Lal Lal Rd (Lal Lal)",740
"8312",144.01251,-37.675414,"Eaglesons Rd/Clarendon-Lal Lal Rd (Lal Lal)",739
"14929",143.884311,-37.648876,"Forest St/Warrenheip St (Buninyong)",123
"15666",143.884581,-37.64864,"Forest St/Warrenheip St (Buninyong)",156
"17774",143.684504,-37.645028,"Loader St/Glenelg Hwy (Smythesdale)",257
"17773",143.684337,-37.644978,"Loader St/Glenelg Hwy (Smythesdale)",256
"10545",143.972314,-37.6366,"Yendon Rd/Harbours Rd (Yendon)",111
"12451",143.972352,-37.636493,"Yendon Rd/Harbours Rd (Yendon)",112
"16267",143.879956,-37.628118,"Gear Ave/Warrenheip St (Mount Helen)",295
"16268",143.88013,-37.628006,"Gear Ave/Warrenheip St (Mount Helen)",296
"16269",143.935428,-37.608373,"Navigators Rd (Navigators)",297
"16270",143.935476,-37.608293,"Navigators Rd (Navigators)",298
"266",143.768954,-37.596612,"Bells Rd/Glenelg Hwy (Smythes Creek)",3
"296",143.768909,-37.596358,"Bells Rd/Glenelg Hwy (Smythes Creek)",8
"406",143.720814,-37.58976,"Memorial Dr/Sago Hill Rd (Haddon)",86
"536",143.720646,-37.589701,"Memorial Dr/Sago Hill Rd (Haddon)",726
"16271",143.917429,-37.584855,"Warrenheip Rd/Navigators Rd (Warrenheip)",299
"16272",143.917379,-37.584674,"Warrenheip Rd/Navigators Rd (Warrenheip)",300
"20794",143.840866,-37.582262,"Rubicon St/Albert St (Sebastopol)",593
"16274",143.866184,-37.57463,"Sovereign Hill/Bradshaw St (Golden Point (3350))",302
"16273",143.866162,-37.574611,"Sovereign Hill/Bradshaw St (Golden Point (3350))",301
"35120",143.848044,-37.561055,"Ballarat Base Hospital/Sturt St (Ballarat Central)",29
"35029",143.848243,-37.560628,"Ballarat Base Hospital/Sturt St (Ballarat Central)",28
"20293",143.859457,-37.558791,"Ballarat Railway Station (Ballarat Central)",551
"82",143.858761,-37.558656,"Ballarat Railway Station/Lydiard St (Ballarat Central)",738
"43469",143.820068,-37.539716,"Wendouree Railway Station (Wendouree)",630
"48047",143.820254,-37.539595,"Wendouree Railway Station (Wendouree)",694
"36257",143.705452,-37.514713,"Windermere Way/Madden Rd (Cardigan Village)",37
"36255",143.672345,-37.490034,"Lake Burrumbeet Caravan Park/Remembrance Dr (Burrumbeet)",36
"35277",143.888648,-37.444406,"Lakeside Dr/Midland Hwy (Creswick)",31
"35252",143.888472,-37.444275,"Lakeside Dr/Midland Hwy (Creswick)",30
"17795",143.469848,-37.436852,"Trawalla PS/Western Hwy (Trawalla)",268
"45033",143.888124,-37.424605,"Creswick Railway Station (Creswick)",645
"17135",143.894453,-37.424547,"Raglan St/Albert St (Creswick)",366
"17134",143.894319,-37.424507,"Raglan St/Albert St (Creswick)",365
"44852",143.888234,-37.408858,"Broomfield Rd/Clunes-Creswick Rd (Creswick North)",643
"17151",143.994503,-37.401771,"Antique Shop/Midland Hwy (Newlyn)",382
"17152",143.994394,-37.401678,"Antique Shop/Midland Hwy (Newlyn)",383
"20914",144.221589,-37.394381,"Service Station/Daylesford-Trentham Rd (Bullarto)",744
"46420",144.222336,-37.394317,"Service Station/Daylesford-Trentham Rd (Bullarto)",671
"20916",144.322911,-37.389574,"Trentham Milk Bar/Market St (Trentham)",746
"42023",143.911972,-37.386703,"Acacia Rd/Creswick-Newstead Rd (Broomfield)",102
"20879",143.912233,-37.386656,"Acacia Rd/Creswick-Newstead Rd (Broomfield)",607
"20915",144.261536,-37.386636,"Main St/Daylesford-Trentham Rd (Lyonville)",745
"46419",144.192832,-37.372039,"Opposite Station/Daylesford-Trentham Rd (Musk)",670
"30935",144.317271,-38.328771,"Torquay Holiday Resort/Surf Coast Hwy (Torquay)",17
"30958",144.316908,-38.328997,"Torquay Holiday Resort/Surf Coast Hwy (Torquay)",19
"17686",144.318408,-38.323058,"Grossmans Rd/Surf Coast Hwy (Torquay)",190
"30960",144.318074,-38.322798,"Grossmans Rd/Surf Coast Hwy (Torquay)",20
"30952",144.306493,-38.338732,"Duffields Rd/Great Ocean Rd (Jan Juc)",18
"17689",144.305895,-38.338809,"Duffields Rd/Great Ocean Rd (Jan Juc)",191
"45140",144.320058,-38.308382,"Merrijig Dr/Surf Coast Hwy (Torquay)",647
"45271",144.320075,-38.307292,"Merrijig Dr/Surf Coast Hwy (Torquay)",648
"17692",144.287796,-38.338842,"Bells Bvd/Great Ocean Rd (Jan Juc)",193
"17691",144.286104,-38.338523,"Bells Bvd/Great Ocean Rd (Jan Juc)",192
"45502",144.264483,-38.33821,"School Rd/Great Ocean Rd (Bellbrae)",651
"17693",144.257786,-38.349559,"Adiscott Rd/Great Ocean Rd (Bellbrae)",194
"17694",144.257643,-38.349402,"Adiscott Rd/Great Ocean Rd (Bellbrae)",195
"41304",144.263576,-38.338315,"School Rd/Great Ocean Rd (Bellbrae)",93
"43841",144.244423,-38.367941,"Jarosite Rd/Great Ocean Rd (Bellbrae)",631
"43906",144.244067,-38.368293,"Jarosite Rd/Great Ocean Rd (Bellbrae)",633
"17697",144.186572,-38.408993,"Anglesea Motor Inn/Great Ocean Rd (Anglesea)",197
"17698",144.186385,-38.409115,"Anglesea Motor Inn/Great Ocean Rd (Anglesea)",198
"17695",144.18851,-38.404508,"Great Ocean Rd/Camp Rd (Anglesea)",196
"17699",144.174907,-38.420389,"Point Roadknight/Great Ocean Rd (Anglesea)",199
"17700",144.173857,-38.420877,"Point Roadknight/Great Ocean Rd (Anglesea)",200
"17701",144.106975,-38.458742,"Post Office/Great Ocean Rd (Aireys Inlet)",201
"17702",144.10685,-38.458433,"Post Office/Great Ocean Rd (Aireys Inlet)",202
"17703",144.100249,-38.464738,"Bambra Rd/Great Ocean Rd (Aireys Inlet)",203
"17704",144.100232,-38.464593,"Bambra Rd/Great Ocean Rd (Aireys Inlet)",204
"17706",144.085543,-38.467977,"Yarringa Rd/Great Ocean Rd (Fairhaven)",206
"17705",144.08501,-38.468108,"Yarringa Rd/Great Ocean Rd (Fairhaven)",205
"17708",144.04444,-38.47182,"Golf Links Rd/Great Ocean Rd (Eastern View)",208
"17707",144.043908,-38.47223,"Golf Links Rd/Great Ocean Rd (Eastern View)",207
"45478",143.976471,-38.543293,"Lorne Hotel/Great Ocean Rd (Lorne)",650
"45477",143.976036,-38.542733,"Lorne Hotel/Great Ocean Rd (Lorne)",649
"17711",143.974522,-38.537243,"Lorne Visitor Centre/Great Ocean Rd (Lorne)",209
"17712",143.974316,-38.537246,"Lorne Visitor Centre/Great Ocean Rd (Lorne)",210
"17713",143.891055,-38.635316,"McRae Rd/Great Ocean Rd (Wye River)",211
"17714",143.890832,-38.635166,"McRae Rd/Great Ocean Rd (Wye River)",212
"17715",143.862164,-38.668561,"Hawdon Ave/Great Ocean Rd (Kennett River)",213
"45856",143.862,-38.66862,"Grey River Rd/Hawdon Ave (Kennett River)",652
"17717",143.710125,-38.724998,"Skenes Creek Valley Rd/Great Ocean Rd (Skenes Creek)",214
"36580",143.710315,-38.724598,"Skenes Creek Valley Rd/Great Ocean Rd (Skenes Creek)",42
"41668",143.984158,-38.240109,"Winchelsea Railway Station (Winchelsea)",98
"7009",143.663226,-38.777123,"Harrison St/Marengo Crst (Marengo)",732
"17720",143.669065,-38.754544,"Visitor Information Centre/Great Ocean Rd (Apollo Bay)",217
"17718",143.67539,-38.741716,"Pisces Holiday Park/Great Ocean Rd (Apollo Bay)",215
"17719",143.675334,-38.741678,"Pisces Holiday Park/Great Ocean Rd (Apollo Bay)",216
"2767",143.783436,-38.33619,"Austin St/Warncoort-Birregurra Rd (Birregurra)",7
"41703",143.783136,-38.336254,"Austin St/Warncoort-Birregurra Rd (Birregurra)",99
"20297",143.783625,-38.328808,"Birregurra Railway Station (Birregurra)",553
"17721",143.388771,-38.67821,"General Store/Great Ocean Rd (Lavers Hill)",218
"2627",143.586405,-38.342569,"Colac Railway Station (Colac)",2
"41397",145.878645,-35.995386,"Tungamah Rd/Murray Valley Hwy (Burramine)",95
"17569",145.644767,-35.92048,"Cobram Station/Punt Rd (Cobram)",450
"15126",145.406341,-36.383816,"Shepparton Railway Station (Shepparton)",145
"15128",145.399763,-36.3795,"Fraser St/Wyndham St (Shepparton)",147
"15127",145.399466,-36.379839,"Fraser St/Wyndham St (Shepparton)",146
"36852",145.404724,-36.362548,"Goulburn Valley Health/Graham St (Shepparton)",46
"48007",145.434072,-36.300637,"Farrell Park/3591 Katamatite-Shepparton Rd (Congupna)",692
"52111",145.310328,-36.509505,"Cross Lane/Toolamba Rd (Toolamba)",723
"52110",145.310172,-36.509476,"Cross Lane/Toolamba Rd (Toolamba)",722
"20332",145.160357,-36.785464,"Nagambie Railway Station (Nagambie)",575
"15124",145.361143,-36.394571,"Mill St/Midland Hwy (Mooroopna)",144
"15123",145.361332,-36.394078,"Mill St/McLennan St (Mooroopna)",143
"48658",145.155829,-36.783609,"High St/Vine St (Nagambie)",699
"52169",145.155229,-36.783411,"Vine St/Vine St (Nagambie)",724
"17579",145.431862,-36.23912,"Victoria Rd/Goulburn Valley Hwy (Tallygaroopna)",179
"17580",145.431487,-36.238935,"Victoria Rd/Goulburn Valley Hwy (Tallygaroopna)",180
"17156",145.240381,-36.613045,"Murchison East Railway Station (Murchison East)",387
"15145",145.218177,-36.61687,"Murchison/Stevenson St (Murchison)",155
"17155",145.217088,-36.616575,"Murchison/Stevenson St (Murchison)",386
"17570",145.560166,-35.925562,"Kokoda Rd/Murray Valley Hwy (Yarroweyah)",451
"17571",145.559892,-35.925388,"Kokoda Rd/Murray Valley Hwy (Yarroweyah)",452
"17578",145.431727,-36.153894,"Walter St/Goulburn Valley Hwy (Wunghnu)",178
"17577",145.431786,-36.153733,"Walter St/Goulburn Valley Hwy (Wunghnu)",177
"22688",145.368229,-36.275697,"Zeerust Rd/Barmah - Shepparton Rd (Zeerust)",779
"22687",145.367569,-36.275859,"Zeerust Rd/Barmah - Shepparton Rd (Zeerust)",778
"17576",145.441018,-36.089948,"Quinn St/Mieklejohn St (Numurkah)",176
"17574",145.460431,-35.999374,"General Store/Numurkah Rd (Katunga)",174
"17575",145.460332,-35.999346,"General Store/Numurkah Rd (Katunga)",175
"36710",145.344297,-36.220173,"General Store/Barmah - Shepparton Rd (Bunbartha)",45
"17581",145.225309,-36.440476,"Hogan St/Fraser St (Tatura)",181
"17572",145.479258,-35.925349,"Maguire St/Murray Valley Hwy (Strathmerton)",453
"17573",145.478452,-35.925735,"Maguire St/Murray Valley Hwy (Strathmerton)",454
"22690",145.295875,-36.150163,"Kaarimba Rd/Barmah - Shepparton Rd (Kaarimba)",781
"22689",145.295019,-36.150132,"Kaarimba Rd/Barmah - Shepparton Rd (Kaarimba)",780
"20889",145.132026,-36.371854,"Caltex Service Station/Waverley Ave (Merrigum)",613
"15144",145.014889,-36.585462,"School St/Moora Rd (Rushworth)",154
"15143",145.014727,-36.585667,"High St/Moora Rd (Rushworth)",153
"39020",145.131941,-36.314785,"Weller Rd/Byrneside-Kyabram Rd (Lancaster)",77
"36708",145.203952,-36.05853,"Nathalia Hotel/Blake St (Nathalia)",43
"36709",145.203764,-36.058528,"Nathalia Hotel/Blake St (Nathalia)",44
"15139",144.982588,-36.445715,"Birdwood Ave/Brundenell St (Stanhope)",151
"15140",144.982437,-36.445955,"Birdwood Ave/Brundenell St (Stanhope)",152
"15122",145.047682,-36.314376,"Transit Centre/Union St (Kyabram)",142
"15137",144.980858,-36.397075,"Milk Bar/Station St (Girgarre)",150
"15131",145.110967,-35.998931,"Milk Bar/Echuca - Nathalia Rd (Picola)",149
"36894",144.796172,-36.590378,"Colbinabbin General Store/Mitchell St (Colbinabbin)",47
"36895",144.796098,-36.590223,"Colbinabbin General Store/Mitchell St (Colbinabbin)",48
"15120",144.948284,-36.249947,"Mangan St/Henderson Rd (Tongala)",140
"15121",144.948076,-36.249809,"Mangan St/Henderson Rd (Tongala)",141
"37740",144.43537,-37.675013,"Service Station/Gisborne Rd (Bacchus Marsh)",55
"52172",144.849884,-37.674174,"Melbourne Airport/Grants Rd (Melbourne Airport)",725
"20292",144.225448,-37.6043,"Ballan Railway Station (Ballan)",550
"25",144.225468,-37.604066,"Ballan Railway Station (Ballan)",795
"20029",144.943306,-37.601925,"Craigieburn Railway Station (Craigieburn)",547
"22931",144.220572,-37.600211,"Ballan Police Station/Old Melbourne Rd (Ballan)",782
"19998",144.728165,-37.579206,"Sunbury Railway Station (Sunbury)",544
"48850",144.969643,-37.541432,"Donnybrook Railway Station (Donnybrook)",703
"7739",145.118082,-37.512457,"Walnut St/Church St (Whittlesea)",736
"7694",145.117709,-37.512,"Church St/Walnut St (Whittlesea)",735
"40537",144.591406,-37.48527,"Coles Supermarket/Aitken St (Gisborne)",85
"20303",144.745373,-37.483498,"Clarkefield Railway Station (Clarkefield)",557
"20337",144.679831,-37.465124,"Riddells Creek Railway Station (Riddells Creek)",579
"20315",144.598722,-37.458825,"Gisborne Railway Station (New Gisborne)",562
"20325",144.561397,-37.423573,"Macedon Railway Station (Macedon)",570
"20354",145.005358,-37.416536,"Wallan Railway Station (Wallan)",588
"17153",144.979109,-37.414504,"Hadfield Park/High St (Wallan)",384
"17154",144.979474,-37.414348,"Hadfield Park/High St (Wallan)",385
"20316",145.028205,-37.371713,"Heathcote Junction Railway Station (Heathcote Junction)",563
"20817",144.525564,-37.359441,"Woodend Railway Station (Woodend)",594
"20361",144.52589,-37.358799,"Woodend Railway Station (Woodend)",591
"20355",145.026415,-37.354677,"Wandong Railway Station (Wandong)",589
"13766",144.743036,-37.350121,"Romsey Community Hub/Main St (Romsey)",118
"13765",144.742812,-37.35009,"Romsey Community Hub/Main St (Romsey)",117
"20917",144.407458,-37.326189,"Tylden Produce Store/Tylden-Woodend Rd (Tylden)",747
"13762",144.952093,-37.295707,"Hudson Park/Sydney St (Kilmore)",114
"13761",144.951708,-37.294952,"Hudson Park/Sydney St (Kilmore)",113
"20319",144.983566,-37.29321,"Kilmore East Railway Station (Kilmore East)",565
"13763",144.736607,-37.278118,"High St/Main Rd (Lancefield)",115
"13764",144.736812,-37.27805,"High St/Main Rd (Lancefield)",116
"20320",144.450602,-37.258279,"Kyneton Railway Station (Kyneton)",566
"20818",144.45081,-37.25813,"Kyneton Railway Station (Kyneton)",595
"23253",144.453435,-37.247805,"Australia Post/Mollison St (Kyneton)",791
"20298",145.043008,-37.2072,"Broadford Railway Station (Broadford)",554
"13767",144.858128,-37.121834,"Power St/High St (Pyalong)",119
"13768",144.858277,-37.121738,"Power St/High St (Pyalong)",120
"49022",145.205807,-37.095269,"Upper Goulburn Rd/Goulburn Valley Hwy (Trawool)",706
"41625",145.204625,-37.093385,"Upper Goulburn Rd/Goulburn Valley Hwy (Trawool)",97
"20348",145.102997,-37.092335,"Tallarook Railway Station (Tallarook)",584
"13770",144.798939,-37.044441,"General Store/Northern Hwy (Tooborac)",122
"13769",144.798605,-37.043957,"General Store/Northern Hwy (Tooborac)",121
"17191",145.137445,-37.025292,"Seymour Railway Station (Seymour)",388
"20342",145.137729,-37.024729,"Seymour Railway Station (Seymour)",581
"20901",145.039388,-37.001333,"Family Store/Malaya Rd (Puckapunyal)",619
"23434",145.035552,-36.986632,"Bridges Barracks/Morobe Rd (Puckapunyal)",792
"15097",144.712299,-36.927469,"Jennings St/Northern Hwy (Heathcote)",125
"15096",144.711852,-36.927406,"Jennings St/Northern Hwy (Heathcote)",124
"41216",144.701569,-36.915437,"Mitchell St/High St (Heathcote)",92
"35872",144.701039,-36.915165,"Mitchell St/High St (Heathcote)",33
"46711",144.333338,-38.240829,"Feehans Rd/Surf Coast Hwy (Mount Duneed)",683
"47641",144.306819,-38.215814,"Waurn Ponds Railway Station (Waurn Ponds)",686
"30848",144.340834,-38.204409,"Reserve Rd/Torquay Rd (Grovedale)",16
"51750",144.339299,-38.202959,"Jennifer Ct/Pioneer Rd (Grovedale)",717
"30778",144.32071,-38.198923,"Waurn Ponds SC/Pioneer Rd (Grovedale)",14
"20327",144.355057,-38.198549,"Marshall Railway Station (Marshall)",572
"30711",144.300149,-38.198533,"Deakin University/Alfred Deakin Dr (Waurn Ponds)",11
"30769",144.319759,-38.197766,"Waurn Ponds SC/Pioneer Rd (Grovedale)",13
"30750",144.342708,-38.175168,"Roslyn Rd/High St (Belmont)",12
"30819",144.343649,-38.174081,"Roslyn Rd/High St (Belmont)",15
"20344",144.358987,-38.158659,"South Geelong Railway Station (South Geelong)",582
"17681",144.360369,-38.147229,"Moorabool St/Malop St (Geelong)",189
"3252",144.355122,-38.144993,"Geelong Station/Railway Tce (Geelong)",24
"20314",144.354989,-38.144242,"Geelong Railway Station (Geelong)",561
"20334",144.352272,-38.122835,"North Geelong Railway Station (North Geelong)",577
"30479",144.334276,-38.120572,"Calvert St/Ballarat Rd (Hamlyn Heights)",10
"30402",144.33363,-38.120143,"Calvert St/Ballarat Rd (Hamlyn Heights)",9
"20335",144.365321,-38.098377,"North Shore Railway Station (North Shore)",578
"3273",144.28034,-38.089511,"River St/Midland Hwy (Batesford)",25
"3279",144.27988,-38.089293,"River St/Midland Hwy (Batesford)",26
"3753",144.234276,-38.076938,"Ryan Rd/Midland Hwy (Gheringhap)",51
"3288",144.234208,-38.076927,"Ryan Rd/Midland Hwy (Gheringhap)",27
"20305",144.379768,-38.072831,"Corio Railway Station (Corio)",558
"4806",144.172172,-38.045419,"McPhillips Rd/High St (Bannockburn)",695
"20321",144.414404,-38.022428,"Lara Railway Station (Lara)",567
"45969",144.131936,-37.967001,"General Store/Midland Hwy (Lethbridge)",660
"20909",144.13203,-37.966904,"General Store/Midland Hwy (Lethbridge)",626
"20323",144.498485,-37.962929,"Little River Railway Station (Little River)",568
"47647",144.608732,-37.872886,"Wyndham Vale Railway Station (Manor Lakes)",687
"4807",144.076871,-37.846134,"Lawler St/Midland Hwy (Meredith)",696
"47648",144.694714,-37.832168,"Tarneit Railway Station (Tarneit)",688
"22238",144.966964,-37.818305,"Flinders Street Railway Station (Melbourne City)",763
"20836",144.951149,-37.815084,"Southern Cross Coach Terminal/Spencer St (Melbourne City)",598
"22240",144.90202,-37.801413,"Footscray Railway Station (Footscray)",764
"22241",144.832878,-37.788536,"Sunshine Railway Station (Sunshine)",765
"20020",144.802188,-37.783065,"Ardeer Railway Station (Ardeer)",546
"19982",144.772304,-37.777764,"Deer Park Railway Station (Deer Park)",543
"27537",144.771091,-37.777308,"Deer Park Station/Railway Pde (Deer Park)",5
"27538",144.736915,-37.76623,"Caroline Springs Station/Christies Rd (Ravenhall)",6
"52011",144.735748,-37.766145,"Caroline Springs Railway Station (Ravenhall)",719
"2463",144.967372,-37.74127,"Coburg PS/Bell St (Coburg)",794
"19981",144.650631,-37.729261,"Rockbank Railway Station (Rockbank)",542
"48804",144.604108,-37.712546,"Cobblebank Railway Station (Cobblebank)",702
"19980",144.572216,-37.703359,"Melton Railway Station (Melton South)",541
"7361",144.957788,-37.688601,"Camp Rd/Sydney Rd (Campbellfield)",733
"20290",144.436855,-37.687517,"Bacchus Marsh Railway Station (Maddingley)",548
"20912",144.437014,-37.687511,"Bacchus Marsh Railway Station (Maddingley)",627
"9533",144.958101,-37.687507,"Campbellfield Plaza/Sydney Rd (Campbellfield)",742
"22254",144.919613,-37.683049,"Broadmeadows Railway Station (Broadmeadows)",771
"38000",145.291426,-38.507781,"General Store/Phillip Island Rd (Surf Beach)",71
"37987",145.291125,-38.507885,"General Store/Phillip Island Rd (Surf Beach)",62
"37988",145.281179,-38.502738,"Sunderland Bay/Phillip Island Rd (Sunderland Bay)",63
"37999",145.281216,-38.502612,"Sunderland Bay/Phillip Island Rd (Sunderland Bay)",70
"37989",145.268956,-38.497899,"Panorama Ave/Back Beach Rd (Sunset Strip)",64
"37994",145.268901,-38.497763,"Sunset Strip/Back Beach Rd (Sunset Strip)",69
"37993",145.259556,-38.496822,"Dolphin Dr/Back Beach Rd (Smiths Beach)",68
"37990",145.259473,-38.496938,"Dolphin Dr/Back Beach Rd (Smiths Beach)",65
"22252",145.486368,-38.080614,"Pakenham Railway Station (Pakenham)",770
"37991",145.239447,-38.481617,"Ventnor Beach Rd/Gap Rd (Wimbledon Heights)",66
"37992",145.239289,-38.481516,"Ventnor Beach Rd/Gap Rd (Wimbledon Heights)",67
"17339",145.381536,-38.213664,"Lyall St/South Gippsland Hwy (Tooradin)",408
"17340",145.381055,-38.213747,"Mickle St/South Gippsland Hwy (Tooradin)",409
"17381",145.239068,-38.459048,"Walton St/Thompson Ave (Cowes)",444
"17382",145.238822,-38.458764,"Walton St/Thompson Ave (Cowes)",445
"51806",145.240179,-38.451972,"Cowes Transit Centre/Church St (Cowes)",718
"17338",145.318397,-38.158976,"Clyde-Five Ways Rd/South Gippsland Hwy (Clyde)",407
"17337",145.318123,-38.159468,"Clyde-Five Ways Rd/South Gippsland Hwy (Devon Meadows)",406
"16342",145.28416,-38.109637,"Cranbourne Park SC/Lyall St (Cranbourne)",319
"17326",145.283185,-38.108902,"Cranbourne Park SC/High St (Cranbourne)",405
"16834",145.282705,-38.101641,"Station St/High St (Cranbourne)",328
"17265",145.282402,-38.101438,"Station St/High St (Cranbourne)",404
"21289",145.347086,-37.756545,"Lilydale Station/Maroondah Hwy (Lilydale)",750
"22250",145.209725,-37.989968,"Dandenong Railway Station (Dandenong)",769
"20018",145.209605,-37.989759,"Dandenong Railway Station (Dandenong)",545
"22099",145.374696,-37.658198,"Herbert Rd/Melba Hwy (Yarra Glen)",761
"22098",145.374437,-37.6576,"Herbert Rd/Melba Hwy (Yarra Glen)",760
"10187",145.295459,-37.770446,"Exeter Rd/Maroondah Hwy (Croydon North)",110
"10121",145.294757,-37.771364,"Dorset Rd/Maroondah Hwy (Croydon)",109
"8637",145.230148,-37.81503,"Ringwood Station/Maroondah Hwy (Ringwood)",741
"7877",145.230652,-37.81246,"Eastland SC/Warrandyte Rd (Ringwood)",737
"18691",145.427048,-37.41899,"Roadhouse/Melba Hwy (Glenburn)",538
"46512",145.185061,-37.817309,"Walker Park/Whitehorse Rd (Nunawading)",682
"20900",145.185038,-37.817326,"Walker Park/Whitehorse Rd (Nunawading)",618
"22249",145.120534,-37.924683,"Clayton Railway Station (Clayton)",768
"39770",145.126261,-37.818605,"Watts St/Whitehorse Rd (Box Hill)",82
"5102",145.125695,-37.818082,"Watts St/Whitehorse Rd (Box Hill)",710
"22248",145.042525,-37.877459,"Caulfield Railway Station (Caulfield East)",767
"46509",145.236904,-37.475771,"General Store/Whittlesea-Yea Rd (Kinglake West)",680
"17584",145.236794,-37.475626,"General Store/Whittlesea-Yea Rd (Kinglake West)",182
"17586",145.28007,-37.374438,"Silver Creek Rd/Whittlesea-Yea Rd (Hazeldene)",184
"17585",145.28025,-37.373981,"Silver Creek Rd/Whittlesea-Yea Rd (Hazeldene)",183
"17588",145.289024,-37.344195,"Hazeldene Bridge/Whittlesea-Yea Rd (Hazeldene)",186
"17587",145.28881,-37.344165,"Hazeldene Bridge/Whittlesea-Yea Rd (Hazeldene)",185
"17589",145.288327,-37.320697,"Flowerdale Hotel/Whittlesea-Yea Rd (Flowerdale)",187
"17590",145.287906,-37.32034,"Flowerdale Hotel/Whittlesea-Yea Rd (Flowerdale)",188
"2690",145.069216,-37.68299,"Bundoora RMIT/Plenty Rd (Bundoora)",4
"169",145.068992,-37.680706,"RMIT Bundoora Campus West/Plenty Rd (Bundoora)",329
"22247",144.990164,-37.824074,"Richmond Railway Station (Richmond)",766
"20308",145.855947,-38.136452,"Drouin Railway Station (Drouin)",559
"21706",145.855055,-38.13583,"Drouin Railway Station (Drouin)",756
"37964",145.588396,-38.604853,"Wonthaggi Bus Interchange/Biggs Dr (Wonthaggi)",58
"17963",145.592145,-38.595752,"Miners Rest Hotel/138 McKenzie St (Wonthaggi)",481
"44157",145.591983,-38.595849,"Miners Rest Hotel/137 McKenzie St (Wonthaggi)",640
"17345",145.706444,-38.368689,"Clarence St/Victoria Rd (Loch)",414
"17346",145.706316,-38.368814,"Clarence St/Victoria Rd (Loch)",415
"37977",145.582937,-38.589882,"Wonthaggi Community Garden/Bass Hwy (North Wonthaggi)",59
"37978",145.582815,-38.589682,"South Dudley Rd/Bass Hwy (North Wonthaggi)",60
"17343",145.672172,-38.334917,"Mitchell St/Davis St (Nyora)",412
"17344",145.672468,-38.333758,"Mitchell St/Davis St (Nyora)",413
"17387",145.546708,-38.563323,"Ozone Hotel/Bass Hwy (Dalyston)",449
"17386",145.546567,-38.563465,"Ozone Hotel/Bass Hwy (Dalyston)",448
"21464",145.767184,-38.111392,"Longwarry Railway Station (Longwarry)",753
"20324",145.76686,-38.110992,"Longwarry Railway Station (Longwarry)",569
"45071",145.721559,-38.099585,"Bunyip Railway Station/Nar Nar Goon-Longwarry Rd (Bunyip)",646
"20299",145.720757,-38.099108,"Bunyip Railway Station (Bunyip)",555
"17384",145.475922,-38.549455,"Peppermint Rd/Bass Hwy (Kilcunda)",446
"17385",145.47577,-38.54957,"Peppermint Rd/Bass Hwy (Kilcunda)",447
"38068",145.563167,-38.37213,"Gurdies - St Helier Rd/Bass Hwy (The Gurdies)",76
"17970",145.563053,-38.371534,"Gurdies - St Helier Rd/Bass Hwy (The Gurdies)",485
"38019",145.555633,-38.379697,"Pioneer Bay/Bass Hwy (Pioneer Bay)",75
"38018",145.552999,-38.381503,"Pioneer Bay/Bass Hwy (Pioneer Bay)",74
"44164",145.537941,-38.398105,"Deep Creek St/Bass Hwy (Grantville)",641
"38017",145.537408,-38.398432,"Deep Creek St/Bass Hwy (Grantville)",73
"17369",145.530054,-38.408153,"Grantville-Glen Alvie Rd/Bass Hwy (Grantville)",435
"17368",145.530388,-38.406959,"Pier Rd/Bass Hwy (Grantville)",434
"44135",145.521611,-38.418375,"Stanley Rd/Bass Hwy (Glen Forbes)",639
"44130",145.522113,-38.417363,"Stanley Rd/Bass Hwy (Glen Forbes)",636
"17377",145.447524,-38.526346,"Anderson Bus Interchange/Bass Hwy (Anderson)",440
"17370",145.496748,-38.433071,"Corinella Rd/Bass Hwy (Corinella)",436
"17371",145.496499,-38.432969,"Corinella Rd/Bass Hwy (Corinella)",437
"17376",145.466919,-38.483266,"63-65 Hade Ave (Bass)",439
"17375",145.466365,-38.48398,"opp 5 Bass School Rd (Bass)",438
"21466",145.675501,-38.091703,"Garfield Railway Station (Garfield)",754
"20313",145.674225,-38.091031,"Garfield Railway Station (Garfield)",560
"44134",145.54463,-38.325482,"Bay Rd/Bass Hwy (Jam Jerrup)",638
"44131",145.543537,-38.325216,"Bay Rd/Bass Hwy (Jam Jerrup)",637
"17342",145.562869,-38.265581,"Lang Lang Bus Interchange/Western Port Rd (Lang Lang)",411
"22365",145.629584,-38.0854,"Tynong Railway Station (Tynong)",773
"20352",145.628234,-38.084996,"Tynong Railway Station (Tynong)",587
"17378",145.371173,-38.520659,"San Remo Post Office/Marine Pde (San Remo)",441
"17380",145.359124,-38.515345,"Forrest Ave/Phillip Island Rd (Newhaven)",443
"17379",145.357792,-38.514903,"Forrest Ave/Phillip Island Rd (Newhaven)",442
"37986",145.334872,-38.521041,"Cape Woolamai/Phillip Island Rd (Cape Woolamai)",61
"38001",145.334934,-38.520834,"Cape Woolamai/Phillip Island Rd (Cape Woolamai)",72
"20333",145.571666,-38.081592,"Nar Nar Goon Railway Station (Nar Nar Goon)",576
"22364",145.570654,-38.082003,"Nar Nar Goon Railway Station (Nar Nar Goon)",772
"17341",145.49026,-38.199982,"Koo Wee Rup Bus Interchange/Rossiter Rd (Koo Wee Rup)",410
"18671",145.423981,-37.211162,"east of Pechell St/High St (Yea)",518
"22091",145.709077,-37.190962,"Perkiins St/Grant St (Alexandra)",759
"18673",145.539162,-37.167347,"General Store/Goulburn Valley Hwy (Molesworth)",520
"18672",145.539051,-37.167309,"General Store/Goulburn Valley Hwy (Molesworth)",519
"18684",146.448972,-37.148453,"Village Centre/Mt Buller Rd (Mount Buller)",531
"18675",145.617312,-37.101287,"Wrights St/Maroondah Hwy (Yarck)",522
"18674",145.617078,-37.101185,"Wrights St/Maroondah Hwy (Yarck)",521
"18683",146.086158,-37.051627,"MMBL Depot/High St (Mansfield)",530
"18682",145.9405,-37.028818,"Opposite CFA/Maroondah Hwy (Maindample)",529
"18681",145.94021,-37.028698,"Opposite CFA/Maroondah Hwy (Maindample)",528
"46510",145.853685,-37.026569,"Phillip St/Bon Cres (Bonnie Doon)",681
"18680",145.853708,-37.026551,"Phillip St/Bon Cres (Bonnie Doon)",527
"18679",145.806699,-37.022554,"Woolshed Rd/Maroondah Hwy (Woodfield)",526
"18678",145.806827,-37.022249,"Woolshed Rd/Maroondah Hwy (Woodfield)",525
"18677",145.710668,-36.977598,"Euroa-Mansfield Rd/Maroondah Hwy (Merton)",524
"18676",145.71083,-36.977321,"Euroa - Mansfield Rd/Maroondah Hwy (Merton)",523
"17231",145.56842,-36.749396,"Euroa Station/Railway St (Euroa)",389
"18690",147.160987,-36.737986,"Falls Creek Coaches/233 Kiewa Valley Hwy (Mount Beauty)",537
"18689",146.960433,-36.728352,"Alpine Hotel/Anderson St (Bright)",536
"18688",146.911424,-36.700154,"Bailey St/Nicholson St (Porepunkah)",535
"18687",146.72508,-36.561643,"Post Office/Myrtle St (Myrtleford)",534
"18686",146.72497,-36.561292,"Post Office/Myrtle St (Myrtleford)",533
"17234",145.984001,-36.544821,"Benalla Railway Station (Benalla)",390
"39134",146.431648,-36.449802,"Milawa-Bobinawarrah Rd/Snow Rd (Milawa)",81
"39133",146.431717,-36.449477,"Milawa-Bobinawarrah Rd/Snow Rd (Milawa)",80
"39130",146.383266,-36.443747,"Ely St/Snow Rd (Oxley)",79
"39129",146.383716,-36.443262,"Ely St/Snow Rd (Oxley)",78
"37634",146.540926,-36.433071,"Everton General Store/Great Alpine Rd (Everton)",54
"22624",146.540927,-36.43281,"Everton General Store/Great Alpine Rd (Everton)",777
"17236",145.922762,-36.411226,"Victory Park/Hall Rd (Goorambat)",391
"17237",145.922898,-36.41111,"Victory Park/Hall Rd (Goorambat)",392
"18685",146.686794,-36.359148,"Ford St/Camp St (Beechworth)",532
"17253",146.317173,-36.355066,"Wangaratta Railway Station (Wangaratta)",402
"37621",146.324598,-36.353503,"Ovens St/Rowan St (Wangaratta)",53
"37583",146.324755,-36.353342,"King George Gardens/Rowan St (Wangaratta)",52
"17238",145.894476,-36.331069,"Town Hall/Devenish Rd (Devenish)",393
"17239",145.894589,-36.330926,"Town Hall/Devenish Rd (Devenish)",394
"17241",145.89448,-36.269974,"St James Rd/Devenish Rd (Saint James)",396
"17240",145.894392,-36.269946,"St James Rd/Devenish Rd (Saint James)",395
"22490",146.470426,-36.186272,"Post Office/Anzac Rd (Springhurst)",774
"17242",145.877537,-36.164033,"Saunders Reserve/Middleton St (Tungamah)",397
"17243",145.877562,-36.163844,"Saunders Reserve/Middleton St (Tungamah)",398
"45963",146.885633,-36.120042,"Wodonga CBD/Elgin Bvd (Wodonga)",656
"37347",146.855416,-36.10956,"Wodonga TAFE/87 McKoy St (West Wodonga)",50
"17257",146.871189,-36.105151,"Wodonga Railway Station (Wodonga)",403
"42050",146.459337,-36.055054,"High St/Murray St (Rutherglen)",103
"17244",146.004873,-36.01307,"Belmore St/Orr St (Yarrawonga)",399
"17248",146.393873,-36.010284,"Blanche St/Foord St (Wahgunyah)",401
"17247",146.394062,-36.010276,"Blanche St/Foord St (Wahgunyah)",400
"16298",146.784688,-38.150992,"Latrobe St/Princes Hwy (Rosedale)",309
"17362",146.436965,-38.665606,"Post Office/South Gippsland Hwy (Welshpool)",430
"17361",146.436794,-38.665452,"Post Office/South Gippsland Hwy (Welshpool)",429
"17786",146.791237,-37.979319,"Gordon St/Mary St (Heyfield)",263
"17788",146.784862,-37.982588,"Primary School/Harbeck St (Heyfield)",264
"17790",146.695491,-38.014044,"McEwan Rd/Traralgon - Maffra Rd (Cowwarr)",265
"17360",146.323879,-38.6648,"Newsagency/Stanley St (Toora)",428
"17791",146.624159,-38.059929,"Victoria St/Cowen St (Toongabbie)",266
"16295",146.538456,-38.198355,"Traralgon Railway Station (Traralgon)",307
"20351",146.537882,-38.198885,"Traralgon Railway Station (Traralgon)",586
"16297",146.538424,-38.194426,"Traralgon Plaza SC/Franklin St (Traralgon)",308
"17792",146.573543,-38.125477,"Opp Glengarry Hotel/Main St (Glengarry)",267
"20903",146.470309,-38.218914,"Latrobe Regional Hospital (Traralgon)",621
"40392",146.48281,-38.149077,"79 Moe-Glengarry Rd (Tyers)",84
"32251",146.432799,-38.234411,"Bridle Rd/Princes Dr (Morwell)",23
"16292",146.431306,-38.236846,"Mid Valley Shopping Centre/Mid Valley Dr (Morwell)",306
"16291",146.429434,-38.235089,"Centre Valley Rd/Princes Dr (Morwell)",305
"17358",146.200169,-38.652214,"Pulhams Store/Main St (Foster)",427
"16287",146.397735,-38.23685,"Morwell Railway Station (Morwell)",303
"20330",146.396753,-38.236719,"Morwell Railway Station (Morwell)",574
"17356",146.082692,-38.694076,"Roo Fuel/Meeniyan - Promontory Rd (Fish Creek)",425
"17357",146.082564,-38.694147,"Roo Fuel/Meeniyan - Promontory Rd (Fish Creek)",426
"16289",146.307824,-38.17607,"Newborough TAFE/Monash Rd (Yallourn)",304
"32171",146.283572,-38.186712,"John Field Dr/Narracan Dr (north side) (Newborough)",22
"17354",146.018191,-38.64981,"Neals Rd/Meeniyan - Promontory Rd (Buffalo)",423
"17355",146.018121,-38.649855,"Neals Rd/Meeniyan - Promontory Rd (Buffalo)",424
"21462",146.260753,-38.177,"Moe Railway Station (Moe)",751
"20328",146.260572,-38.176909,"Moe Railway Station (Moe)",573
"17352",146.014144,-38.577746,"Welsford St/South Gippsland Hwy (Meeniyan)",421
"17353",146.011981,-38.578944,"Welsford St/South Gippsland Hwy (Meeniyan)",422
"21463",146.154838,-38.207549,"Trafalgar Railway Station (Trafalgar)",752
"20350",146.154773,-38.207242,"Trafalgar Railway Station (Trafalgar)",585
"47101",145.946842,-38.546691,"Koala Dr/Swan Rd (Koonwarra)",684
"17351",145.947889,-38.477139,"Leongatha Railway Station/Long St (Leongatha)",420
"20362",146.063063,-38.203158,"Yarragon Railway Station (Yarragon)",592
"16096",146.062866,-38.203345,"Yarragon Railway Station (Yarragon)",158
"16091",146.002019,-38.18627,"Princes Fwy (Darnum)",157
"17969",145.729677,-38.634606,"Ramsay Bvd/The Esplanade (Inverloch)",484
"44041",145.72745,-38.631283,"Inverloch Police Station/Bayview Ave (Inverloch)",635
"44040",145.727463,-38.631193,"Inverloch Police Station/Bayview Ave (Inverloch)",634
"17349",145.829925,-38.441577,"Coal Creek Museum/South Gippsland Hwy (Korumburra)",418
"17350",145.828811,-38.440322,"Coal Creek Museum/South Gippsland Hwy (Korumburra)",419
"6285",145.967323,-38.169784,"Bloomfield Rd/Queen St (Nilma)",728
"17347",145.822823,-38.430881,"King St/Commercial St (Korumburra)",416
"17348",145.821926,-38.430367,"King St/Commercial St (Korumburra)",417
"20357",145.932674,-38.165229,"Warragul Railway Station (Warragul)",590
"37766",145.931335,-38.163883,"Warragul Station/Queen St (Warragul)",56
"17967",145.621125,-38.667845,"Seaward Dr/Cape Paterson Rd (Cape Paterson)",482
"17968",145.620965,-38.667771,"Seaward Dr/Cape Paterson Rd (Cape Paterson)",483
"22976",149.757707,-37.557577,"Bendigo Bank/Maurice Ave (Mallacoota)",788
"22977",149.679224,-37.480484,"Township/Gipsy Point Rd (Gipsy Point)",789
"20863",149.592003,-37.47506,"Genoa Hotel/Alexanders Rd (Genoa)",605
"20851",149.151963,-37.565304,"Cann River Police Station/Ward St (Cann River)",601
"49023",148.794869,-37.671808,"Sydenham Inlet Rd/Princes Hwy (Bemm River)",707
"22029",148.794215,-37.672413,"Bemm River Rd/Princes Hwy (Bemm River)",758
"20858",148.720581,-37.697817,"General Store/Princes Hwy (Cabbage Tree Creek)",604
"46432",148.539231,-37.795974,"Marlo Primary School/Jorgensen St (Marlo)",675
"20857",148.455305,-37.705879,"Nicholson St/Wolseley St (Orbost)",603
"46431",148.432244,-37.735416,"Warrens Rd/Princes Hwy (Newmerella)",674
"46430",148.322678,-37.754064,"Waygara Rd/Princes Hwy (Waygara)",673
"46429",148.158109,-37.742574,"Wairewa Rd/Princes Hwy (Tostaree)",672
"17778",148.070677,-37.861865,"Barracouta Rd/Lake Tyers Rd (Lake Tyers Beach)",259
"20856",148.091596,-37.732313,"Nowa Nowa General Store/Princes Hwy (Nowa Nowa)",602
"21710",148.089191,-37.733903,"Nowa Nowa/Princes Hwy (Nowa Nowa)",757
"17776",148.007464,-37.874771,"Jetty Rd/Princes Hwy (Lakes Entrance)",258
"16558",147.995234,-37.877588,"Police Station/Roadknight St (Lakes Entrance)",326
"16556",147.982663,-37.881434,"Post Office/Princes Hwy (Lakes Entrance)",325
"16554",147.961894,-37.879244,"Lookout Rd/Princes Hwy (Kalimna)",324
"16516",147.957783,-37.870003,"Hunters Lane/Princes Hwy (Kalimna West)",323
"16390",147.957223,-37.868854,"Hunters Lane/Princes Hwy (Kalimna West)",322
"46449",147.927305,-37.840352,"Forest Tech/Princes Hwy (Swan Reach)",679
"46441",147.927304,-37.840252,"Forest Tech/Princes Hwy (Swan Reach)",676
"16388",147.856767,-37.821995,"General Store/Princes Hwy (Swan Reach)",321
"16386",147.831203,-37.820096,"General Store/Princes Hwy (Johnsonville)",320
"20902",147.725064,-37.919101,"Raymond Island Ferry Terminal/Devon Rd (Paynesville)",620
"16316",147.739058,-37.816636,"General Store/Princes Hwy (Nicholson)",318
"16313",147.632279,-37.825514,"Bailey St/Princes Hwy (Bairnsdale)",316
"16314",147.631716,-37.826121,"Bailey St/Princes Hwy (Bairnsdale)",317
"20291",147.627614,-37.82872,"Bairnsdale Railway Station (Bairnsdale)",549
"46443",147.627442,-37.828568,"Bairnsdale Railway Station (Bairnsdale)",678
"46442",147.62743,-37.828514,"Bairnsdale Railway Station/MacLeod St (Bairnsdale)",677
"16309",147.627407,-37.82846,"Bairnsdale Railway Station (Bairnsdale)",315
"37915",147.627395,-37.828406,"Bairnsdale Railway Station/MacLeod St (Bairnsdale)",57
"16308",147.421861,-37.881273,"Lindenow Rd/Princes Hwy (Lindenow)",314
"16307",147.42178,-37.881012,"Lindenow Rd/Princes Hwy (Lindenow)",313
"16301",147.063511,-38.107226,"Gippsland Shopping Centre/Cunninghame St (Sale)",311
"20341",147.054805,-38.103103,"Sale Railway Station (Sale)",580
"16302",147.054691,-38.103229,"Sale Railway Station (Sale)",312
"50648",147.03155,-38.1055,"Hunt Pl/Princes Hwy (Wurruk)",709
"50647",147.031413,-38.10513,"Hunt Pl/Princes Hwy (Wurruk)",708
"20346",147.081469,-37.967047,"Stratford Railway Station (Stratford)",583
"17364",146.666919,-38.614399,"Alberton Store/South Gippsland Hwy (Alberton)",432
"17363",146.666746,-38.614614,"Alberton Store/South Gippsland Hwy (Alberton)",431
"17780",146.982364,-37.9704,"Boisdale St/Johnson St (Maffra)",260
"17365",146.674758,-38.564846,"Memorial Park/Grant St (Yarram)",433
"17782",146.975307,-37.966379,"Pearson St/Johnson St (Maffra)",261
"17784",146.891657,-37.962709,"General Store/Traralgon-Maffra Rd (Tinamba)",262
"16299",146.786182,-38.151382,"Latrobe St/Princes Hwy (Rosedale)",310
